inputobjs_input_id,inputobjs_input_ra,inputobjs_input_dec,inputobjs_dist,catalogue_obsid,catalogue_obsdate,catalogue_lmjd,catalogue_mjd,catalogue_planid,catalogue_spid,catalogue_fiberid,catalogue_class,catalogue_subclass,catalogue_z,catalogue_ra,catalogue_dec,stellar_teff,stellar_logg,stellar_feh,stellar_rv
188,40.582032,0.134770,0.111657740850286819,21101127,2011-12-25,55921,55920,F5592102,1,127,STAR,K5,0.0000931978,40.5820010000,0.1347710000,4522.81,4.670,-0.527,27.94
826,161.891853,0.694491,0.0129793244325138932,21302035,2011-12-25,55921,55920,F5592105,2,35,STAR,G8,0.0004911064,161.8918500000,0.6944890000,5073.62,4.387,-0.948,147.23
479,199.333992,-0.584540,0.00804950956876114045,26815122,2012-01-05,55932,55931,F5593201,15,122,STAR,G7,-0.0001900648,199.3339900000,-0.5845390000,5085.36,2.890,-0.925,-56.98
968,210.400051,-0.759892,0.0113832986430428187,38313108,2012-02-08,55966,55965,B5596609,13,108,STAR,F8,0.0001641469,210.4000540000,-0.7598930000,5927.33,4.383,-0.826,49.21
968,210.400051,-0.759892,0.0113832986430428187,41813108,2012-02-15,55973,55972,F5597308,13,108,STAR,F6,0.0000497678,210.4000540000,-0.7598930000,5884.25,4.058,-0.952,14.92
180,221.064126,0.587618,0.0569183035974274096,42415153,2012-02-18,55976,55975,F5597606,15,153,STAR,G7,-0.0001013368,221.0641110000,0.5876230000,5295.95,4.549,-0.555,-30.38
278,186.579430,0.054573,0.0439435936675958913,94201076,2012-12-23,56285,56284,HD122600N020231M01,1,76,STAR,G7,0.0000057707,186.5794230000,0.0545630000,4806.89,2.085,-1.360,1.73
271,194.346495,-3.366492,0,105704135,2013-01-09,56302,56301,HD125839S025413M01,4,135,STAR,F7,0.0000964334,194.3464950000,-3.3664920000,5667.47,3.729,-1.121,28.91
1055,222.500085,-0.819663,0.055069194150728272,132212111,2013-03-06,56358,56357,HD144346S023019B01,12,111,STAR,K4,-0.0000085059,222.5000880000,-0.8196480000,4745.13,4.585,-0.090,-2.55
1055,222.500085,-0.819663,0.055069194150728272,132312111,2013-03-06,56358,56357,HD144346S023019M01,12,111,STAR,K5,-0.0000244836,222.5000880000,-0.8196480000,4646.55,4.536,-0.074,-7.34
685,148.805198,0.825902,0.00101818093555963956,141115217,2013-04-06,56389,56388,HD095639S002741F01,15,217,STAR,F0,0.0008155642,148.8051982000,0.8259018000,5977.94,4.564,-1.563,244.50
776,180.026527,-0.471709,0.0717292713686456529,199802153,2013-12-27,56654,56653,HD120800N003716B01,2,153,STAR,G4,0.0000118749,180.0265210000,-0.4717280000,5477.52,3.767,-0.283,3.56
263,183.104700,-1.242807,0.16858794204069788,199807212,2013-12-27,56654,56653,HD120800N003716B01,7,212,STAR,K5,-0.0001146126,183.1047450000,-1.2427940000,4502.29,4.673,-0.178,-34.36
531,183.456200,0.911031,0.00101816946204231085,199813228,2013-12-27,56654,56653,HD120800N003716B01,13,228,STAR,F5,0.0002508736,183.4562002000,0.9110308000,6230.75,3.985,-1.058,75.21
592,181.728036,-0.603293,0.00129797634271263404,200605085,2013-12-29,56656,56655,HD120800N003716M01,5,85,STAR,G3,0.0000946988,181.7280358000,-0.6032927000,5582.42,4.556,-0.736,28.39
898,181.210038,-0.478778,0.104485699313003874,200605228,2013-12-29,56656,56655,HD120800N003716M01,5,228,STAR,G5,0.0000981679,181.2100670000,-0.4787768000,5418.50,4.428,-0.374,29.43
15,161.612067,0.658037,0.00230506537321138174,202401115,2014-01-01,56659,56658,HD104509N022916B01,1,115,STAR,F5,-0.0001007364,161.6120674000,0.6580365000,6203.18,4.354,-0.472,-30.20
720,162.714190,-1.005201,0.0821685910538050707,205109116,2014-01-09,56667,56666,HD104840S015732B,9,116,STAR,F7,0.0004960432,162.7142010000,-1.0052210000,5259.98,2.465,-1.327,148.71
626,161.979318,-0.107279,0.0719999545796826262,205111012,2014-01-09,56667,56666,HD104840S015732B,11,12,STAR,G7,0.0000407949,161.9793060000,-0.1072950000,5525.39,3.967,0.136,12.23
598,179.868706,-0.589612,0.135699958927145842,229209192,2014-03-24,56741,56740,HD115451S012705B,9,192,STAR,G4,0.0000690144,179.8686710000,-0.5895980000,5356.82,4.309,-0.533,20.69
483,224.367913,0.492218,0.239357721952036417,232602048,2014-04-04,56752,56751,HD150254N020528B01,2,48,STAR,G2,0.0002584455,224.3678480000,0.4922040000,5548.53,4.694,-1.076,77.48
1025,11.026306,14.536135,0.00227661392569646331,285905234,2014-12-26,57018,57017,EG004632N152831B01,5,234,STAR,F6,-0.0003064787,11.0263056000,14.5361345000,6032.08,4.049,-0.945,-91.88
762,198.462284,0.108722,0.231885743314481529,327506075,2015-03-01,57083,57082,HD130444N001742B01,6,75,STAR,K3,-0.0001639801,198.4623140000,0.1087790000,4607.72,4.527,-0.211,-49.16
792,197.640256,0.251344,0.224530578807586589,327508096,2015-03-01,57083,57082,HD130444N001742B01,8,96,STAR,F9,-0.0000045031,197.6402150000,0.2512970000,5261.45,3.842,-0.614,-1.35
476,162.952954,-0.537272,0.00101821128782627083,335110108,2015-03-19,57101,57100,HD110103N000249B01,10,108,STAR,G7,0.0000265183,162.9529542000,-0.5372718000,5331.13,4.522,-0.264,7.95
705,164.415763,0.757637,0.00160994073907852844,335115051,2015-03-19,57101,57100,HD110103N000249B01,15,51,STAR,F7,-0.0001431657,164.4157628000,0.7576374000,5959.97,4.122,-0.733,-42.92
834,57.512104,0.084887,0.00179999926835746997,382404101,2015-11-09,57336,57335,EG034838N001340M01,4,101,STAR,F0,0.0000716829,57.5121037000,0.0848866000,6110.67,4.069,-1.054,21.49
1104,55.043506,1.036925,0.949534333798021102,382414120,2015-11-09,57336,57335,EG034838N001340M01,14,120,STAR,K5,0.0002275908,55.0435662000,1.0366682000,4481.23,4.568,-1.405,68.23
748,50.917168,0.901690,0.00179991975211193336,388515243,2015-12-12,57369,57368,EG032649N000134B01,15,243,STAR,F9,0.0002599799,50.9171677000,0.9016904000,5449.71,3.915,-0.450,77.94
506,222.392751,0.605170,1.67828117360278273,422208211,2016-02-08,57427,57426,HD144614N015334M01,8,211,STAR,F6,-0.0001349600,222.3932100000,0.6052517000,5756.48,4.048,-1.443,-40.46
476,162.952954,-0.537272,0.00101821128782627083,437509094,2016-03-10,57458,57457,HD104840S015732M01,9,94,STAR,G8,0.0000122752,162.9529542000,-0.5372718000,5290.05,4.256,-0.274,3.68
187,161.811257,-1.020950,0.00179989730112739121,437515025,2016-03-10,57458,57457,HD104840S015732M01,15,25,STAR,G7,-0.0001519051,161.8112567000,-1.0209504000,5152.87,4.653,-0.792,-45.54
1306,161.817003,-0.559084,0.0017999691107824249,437515212,2016-03-10,57458,57457,HD104840S015732M01,15,212,STAR,F5,0.0004562156,161.8170027000,-0.5590844000,6209.17,4.176,-1.357,136.77
816,160.957186,-0.164095,0.00203646337137368405,437516187,2016-03-10,57458,57457,HD104840S015732M01,16,187,STAR,K3,0.0000665460,160.9571864000,-0.1640954000,4922.84,4.530,-0.200,19.95
300,165.999777,-0.438785,0.00113838979949162423,438208022,2016-03-11,57459,57458,HD110103N000249M01,8,22,STAR,F2,-0.0000756857,165.9997767000,-0.4387851000,5846.18,4.067,-0.680,-22.69
476,162.952954,-0.537272,0.00101821128782627083,438210108,2016-03-11,57459,57458,HD110103N000249M01,10,108,STAR,G7,0.0000193467,162.9529542000,-0.5372718000,5241.35,4.431,-0.389,5.80
863,163.383157,0.783738,0.104693857147624053,438214140,2016-03-11,57459,57458,HD110103N000249M01,14,140,Unknown,Non,-9999.0000000000,163.3831800000,0.7837202000,,,,
1038,150.173039,1.148935,0.0218936615486166677,290612088,2015-01-02,57025,57024,HD095639S002741B01,12,88,STAR,F7,0.0002253900,150.1730330000,1.1489360000,,,,
568,153.598342,-0.077702,0.00179999897800066388,319616103,2015-02-16,57070,57069,HD101607S013552M01,16,103,GALAXY,Non,0.2073940000,153.5983424000,-0.0777017000,,,,
34,162.099818,-0.884227,0.00209895891982236947,437515023,2016-03-10,57458,57457,HD104840S015732M01,15,23,GALAXY,Non,0.2252590000,162.0998175000,-0.8842267000,,,,
874,184.223411,-1.324232,0.19216214855197461,219811200,2014-03-02,56719,56718,HD121616S031407M,11,200,QSO,Non,0.6554820000,184.2233600000,-1.3242162000,,,,
361,221.311392,-0.739079,0.00804930896436583526,42404175,2012-02-18,55976,55975,F5597606,4,175,STAR,G2,-0.0000754300,221.3113900000,-0.7390780000,,,,
115,235.677531,0.585050,0.0139094674649678594,133716200,2013-03-09,56361,56360,HD154852S010004M01,16,200,STAR,A6V,-0.0004014200,235.6775272000,0.5850507000,,,,
44,220.337675,-0.759540,0.00160994062235652637,441416106,2016-03-19,57467,57466,HD144346S023019B02,16,106,GALAXY,Non,0.0800546000,220.3376748000,-0.7595396000,,,,
960,225.059764,0.463676,0.00113838645293825214,232602055,2014-04-04,56752,56751,HD150254N020528B01,2,55,GALAXY,Non,0.0973057000,225.0597643000,0.4636761000,,,,
602,200.675987,0.025726,0.00113841991942827364,436716213,2016-03-08,57456,57455,HD132914S012151M01,16,213,Unknown,Non,-9999.0000000000,200.6759873000,0.0257259000,,,,
43,40.272927,0.606064,0.192008142479203364,21105021,2011-12-25,55921,55920,F5592102,5,21,GALAXY,Non,0.2179890000,40.2729800000,0.6060700000,,,,
1473,161.598800,-0.550141,0.00101821027615845447,205115162,2014-01-09,56667,56666,HD104840S015732B,15,162,GALAXY,Non,0.0765626000,161.5988002000,-0.5501412000,,,,
149,187.973981,0.184403,0,94207203,2012-12-23,56285,56284,HD122600N020231M01,7,203,STAR,F0,0.0001808600,187.9739810000,0.1844030000,,,,
184,152.753857,0.344292,0.0384941861000352298,134816035,2013-03-13,56365,56364,HD101607S013552F01,16,35,Unknown,Non,-9999.0000000000,152.7538667000,0.3442875000,,,,
1393,198.087249,0.116957,0.0113841972060855327,26816163,2012-01-05,55932,55931,F5593201,16,163,STAR,K5,-0.0041358900,198.0872500000,0.1169600000,,,,
750,174.469763,-0.625061,0.0684906066820339526,46513063,2012-03-12,55999,55998,F5599904,13,63,STAR,G2,0.0002967800,174.4697440000,-0.6250620000,,,,
741,150.520953,0.655135,0.0501393423586511122,7814078,2011-11-24,55890,55889,F9008,14,78,Unknown,Non,-9999.0000000000,150.5209400000,0.6551400000,,,,
101,152.640765,-0.186119,0.00129799375975190451,319616082,2015-02-16,57070,57069,HD101607S013552M01,16,82,GALAXY,Non,0.1483040000,152.6407653000,-0.1861188000,,,,
531,183.456200,0.911031,0.153142471540282904,435609142,2016-03-06,57454,57453,HD120800N003716B02,9,142,Unknown,Non,-9999.0000000000,183.4562390000,0.9110480000,,,,
827,155.751161,-0.059962,0.000509116735618875597,436602100,2016-03-08,57456,57455,HD102942N012928M01,2,100,Unknown,Non,-9999.0000000000,155.7511609000,-0.0599619000,,,,
5,200.479802,-0.542132,0.00209907354474385974,436714133,2016-03-08,57456,57455,HD132914S012151M01,14,133,GALAXY,Non,0.1729900000,200.4798015000,-0.5421323000,,,,
202,197.299032,0.275832,0.0720891105381292613,26816018,2012-01-05,55932,55931,F5593201,16,18,STAR,G3,0.0000554500,197.2990120000,0.2758310000,,,,
55,184.030619,-2.238254,0.145590257076963187,219815024,2014-03-02,56719,56718,HD121616S031407M,15,24,GALAXY,Non,0.1004650000,184.0306500000,-2.2382800000,,,,
746,204.204628,-0.349260,0.0133246166649278099,141410036,2013-04-06,56389,56388,HD134427N004207M01,10,36,QSO,Non,0.2959720000,204.2046243000,-0.3492599000,,,,
746,204.204628,-0.349260,0.0676520330663635261,141310036,2013-04-06,56389,56388,HD134427N004207F01,10,36,QSO,Non,0.2962710000,204.2046100000,-0.3492654000,,,,
1076,189.097473,-1.446022,0.0012977122776737602,231509126,2014-04-01,56749,56748,HD123204S014620M01,9,126,Unknown,Non,-9999.0000000000,189.0974733000,-1.4460222000,,,,
863,163.383157,0.783738,0.0129791439554102304,21305012,2011-12-25,55921,55920,F5592105,5,12,QSO,Non,1.4717600000,163.3831600000,0.7837400000,,,,
897,184.287332,0.056721,0.00107999999996100538,200606130,2013-12-29,56656,56655,HD120800N003716M01,6,130,GALAXY,Non,0.0754412000,184.2873320000,0.0567213000,,,,
528,184.730776,-3.625480,0.0618546926316854082,219808228,2014-03-02,56719,56718,HD121616S031407M,8,228,QSO,Non,0.9512380000,184.7307900000,-3.6254700000,,,,
763,220.949685,-0.805567,0.0445292818495737971,441411240,2016-03-19,57467,57466,HD144346S023019B02,11,240,Unknown,Non,-9999.0000000000,220.9496820000,-0.8055550000,,,,
166,196.966916,-1.708465,0.00113796448433919049,327507170,2015-03-01,57083,57082,HD130444N001742B01,7,170,STAR,G3,0.0000288500,196.9669163000,-1.7084649000,,,,
1011,160.433952,-0.608481,0.0391870458110005274,437516012,2016-03-10,57458,57457,HD104840S015732M01,16,12,GALAXY,Non,0.1322210000,160.4339500000,-0.6084917000,,,,
13,163.864576,-0.471311,0.0334640409162489175,437512122,2016-03-10,57458,57457,HD104840S015732M01,12,122,QSO,Non,1.3552900000,163.8645700000,-0.4713039000,,,,
1485,150.705757,1.176370,0.0437869090733993827,445701046,2016-03-25,57473,57472,HD100408N031203B01,1,46,Unknown,Non,-9999.0000000000,150.7057690000,1.1763720000,,,,
746,204.204628,-0.349260,0.0676520330663635261,436713193,2016-03-08,57456,57455,HD132914S012151M01,13,193,QSO,Non,0.2981080000,204.2046100000,-0.3492654000,,,,
1498,160.747811,-0.055558,0.000804984071196105668,437516031,2016-03-10,57458,57457,HD104840S015732M01,16,31,GALAXY,Non,0.1279630000,160.7478112000,-0.0555579000,,,,
1376,232.041751,54.379568,0.00110016401635551443,426703233,2016-02-19,57438,57437,HD153557N543750B02,3,233,GALAXY,Non,0.0746309000,232.0417509000,54.3795677000,,,,
105,169.103576,-1.343378,0.237429448314194574,418101232,2016-01-31,57419,57418,KP111915N004324B01,1,232,STAR,F6,0.0007359700,169.1035120000,-1.3433940000,,,,
463,25.410665,13.417050,0.000502217235137457363,396612098,2015-12-29,57386,57385,EG013740N120442B01,12,98,STAR,F9,-0.0001602200,25.4106651000,13.4170499000,,,,
765,195.242242,1.097673,0.0818109131194336286,144115067,2013-04-12,56395,56394,HD130444N001742F01,15,67,QSO,Non,1.9168800000,195.2422300000,1.0976923000,,,,
1356,155.775335,-0.200854,0.00129799596933358814,315412103,2015-02-08,57062,57061,HD101607S013552B01,12,103,GALAXY,Non,0.0956433000,155.7753352000,-0.2008543000,,,,
1266,28.784353,14.171223,0.584375551793414605,62016203,2012-10-07,56208,56207,EG020224N124106B01,16,203,Unknown,Non,-9999.0000000000,28.7841886000,14.1712537000,,,,
101,152.640765,-0.186119,0.054119582714612792,7809023,2011-11-24,55890,55889,F9008,9,23,GALAXY,Non,0.1481260000,152.6407800000,-0.1861200000,,,,
1356,155.775335,-0.200854,0.00129799596933358814,229902095,2014-03-25,56742,56741,HD102942N012928B01,2,95,GALAXY,Non,0.0927610000,155.7753352000,-0.2008543000,,,,
1087,200.451227,-0.496220,0.0439430581892292157,26813171,2012-01-05,55932,55931,F5593201,13,171,GALAXY,Non,0.1764450000,200.4512200000,-0.4962100000,,,,
841,196.803753,0.014988,0.133394448073175187,327508230,2015-03-01,57083,57082,HD130444N001742B01,8,230,STAR,F0,0.0003126400,196.8037900000,0.0149860000,,,,
1110,58.016652,0.036789,0.00129799836778058211,382408026,2015-11-09,57336,57335,EG034838N001340M01,8,26,GALAXY,Non,0.0822748000,58.0166518000,0.0367887000,,,,
184,152.753857,0.344292,0.012979822324705138,7809029,2011-11-24,55890,55889,F9008,9,29,QSO,Non,1.7339700000,152.7538600000,0.3442900000,,,,
782,145.132747,-0.478697,0.0831415362507582079,407511219,2016-01-14,57402,57401,HD093904S025022M01,11,219,QSO,Non,0.1530780000,145.1327700000,-0.4786949000,,,,
805,158.198549,-0.204757,0.000804980343132662103,229907024,2014-03-25,56742,56741,HD102942N012928B01,7,24,GALAXY,Non,0.0340129000,158.1985492000,-0.2047571000,,,,
818,162.543704,-0.966658,0.000804892807280609417,437515134,2016-03-10,57458,57457,HD104840S015732M01,15,134,GALAXY,Non,0.1067910000,162.5437042000,-0.9666581000,,,,
1142,197.633274,0.036609,0.0148431773607548799,26816100,2012-01-05,55932,55931,F5593201,16,100,GALAXY,Non,0.1789000000,197.6332700000,0.0366100000,,,,
371,124.157766,45.584886,0.00123856116906748549,401608222,2016-01-06,57394,57393,HD081205N465629M01,8,222,GALAXY,Non,0.1426800000,124.1577656000,45.5848862000,,,,
133,229.029790,-0.262194,0.0144000000568920549,48404012,2012-03-26,56013,56012,F5601307,4,12,QSO,Non,2.0642200000,229.0297900000,-0.2621900000,,,,
132,241.878345,0.092172,0.0188991206276485878,451416027,2016-04-08,57487,57486,HD161245S014318M01,16,27,QSO,Non,0.3955090000,241.8783500000,0.0921704000,,,,
48,147.779292,0.226291,0.0433495912822158339,41909028,2012-02-16,55974,55973,F5597403,9,28,GALAXY,Non,0.0742071000,147.7793000000,0.2263000000,,,,
202,197.299032,0.275832,0.00148430180346833304,144108080,2013-04-12,56395,56394,HD130444N001742F01,8,80,Unknown,Non,-9999.0000000000,197.2990316000,0.2758321000,,,,
115,235.677531,0.585050,0.0139094674649678594,51610175,2012-05-17,56065,56064,F5606503,10,175,STAR,A7III,-0.0003965400,235.6775272000,0.5850507000,,,,
140,223.226058,-0.807256,0.0183547185089074881,42413097,2012-02-18,55976,55975,F5597606,13,97,STAR,M0,0.0001799900,223.2260630000,-0.8072570000,,,,
721,145.593982,-0.385594,0.0227683475384545669,41903067,2012-02-16,55974,55973,F5597403,3,67,Unknown,Non,-9999.0000000000,145.5939800000,-0.3856000000,,,,
1325,186.111177,0.008869,0.287932490551013165,449601037,2016-04-03,57482,57481,HD122600N020231B02,1,37,STAR,F5,0.0007603300,186.1112310000,0.0088100000,,,,
33,123.960757,45.654079,0.0714525858647995366,401608217,2016-01-06,57394,57393,HD081205N465629M01,8,217,Unknown,Non,-9999.0000000000,123.9607290000,45.6540823000,,,,
1369,154.453760,-0.523492,0.0576271794495790343,319609107,2015-02-16,57070,57069,HD101607S013552M01,9,107,QSO,Non,2.2900000000,154.4537500000,-0.5234795000,,,,
854,180.543956,-1.003931,0.0511376621337586088,200602131,2013-12-29,56656,56655,HD120800N003716M01,2,131,STAR,K1,0.0001663500,180.5439478000,-1.0039194000,,,,
638,153.496122,-0.081581,0.000509116676160887584,315416102,2015-02-08,57062,57061,HD101607S013552B01,16,102,GALAXY,Non,0.0904195000,153.4961219000,-0.0815811000,,,,
179,155.430437,1.241211,0.000804946745875215067,229910007,2014-03-25,56742,56741,HD102942N012928B01,10,7,Unknown,Non,-9999.0000000000,155.4304369000,1.2412112000,,,,
347,159.059542,-0.159019,0.000359999992154296986,229907095,2014-03-25,56742,56741,HD102942N012928B01,7,95,GALAXY,Non,0.0277701000,159.0595420000,-0.1590191000,,,,
206,245.670003,0.790872,0.119471797273801958,137910157,2013-03-24,56376,56375,HD162834N013512M01,10,157,STAR,G7,0.0000841500,245.6700300000,0.7908913000,,,,
1195,58.427824,0.932018,0.000720000000418191243,382413174,2015-11-09,57336,57335,EG034838N001340M01,13,174,GALAXY,Non,0.0369046000,58.4278240000,0.9320182000,,,,
936,195.459133,0.099871,0.121082614965499866,144103190,2013-04-12,56395,56394,HD130444N001742F01,3,190,GALAXY,Non,0.1267220000,195.4591300000,0.0998375000,,,,
486,194.032766,0.035496,0.0686987069145620771,144110132,2013-04-12,56395,56394,HD130444N001742F01,10,132,QSO,Non,0.6511540000,194.0327500000,0.0354856000,,,,
16,235.439295,52.479638,0.00185264458579827368,426707245,2016-02-19,57438,57437,HD153557N543750B02,7,245,GALAXY,Non,0.0375946000,235.4392948000,52.4796375000,,,,
835,244.330869,-0.081993,0.00101823322802760928,451412044,2016-04-08,57487,57486,HD161245S014318M01,12,44,Unknown,Non,-9999.0000000000,244.3308692000,-0.0819928000,,,,
13,163.864576,-0.471311,0.0334640409162489175,438210217,2016-03-11,57459,57458,HD110103N000249M01,10,217,QSO,Non,1.3569200000,163.8645700000,-0.4713039000,,,,
51,184.314453,0.162491,0.00152734749618167092,200606143,2013-12-29,56656,56655,HD120800N003716M01,6,143,STAR,M2,0.0000410300,184.3144527000,0.1624913000,,,,
428,164.577519,-1.028945,0.00148409273372628048,438205226,2016-03-11,57459,57458,HD110103N000249M01,5,226,GALAXY,Non,0.0968630000,164.5775194000,-1.0289451000,,,,
40,187.951794,0.171168,0.00101823147969695152,231511178,2014-04-01,56749,56748,HD123204S014620M01,11,178,Unknown,Non,-9999.0000000000,187.9517942000,0.1711678000,,,,
880,121.662121,44.892479,0.00148562826931038488,401602101,2016-01-06,57394,57393,HD081205N465629M01,2,101,GALAXY,Non,0.2184700000,121.6621206000,44.8924793000,,,,
1486,160.622087,0.224880,0.00193864642949823215,401701246,2016-01-06,57394,57393,HD104509N022916M01,1,246,Unknown,Non,-9999.0000000000,160.6220865000,0.2248802000,,,,
206,245.670003,0.790872,0.119471797273801958,137810157,2013-03-24,56376,56375,HD162834N013512B01,10,157,Unknown,Non,-9999.0000000000,245.6700300000,0.7908913000,,,,
469,225.109780,-0.657752,1.87790771937569945,436816096,2016-03-08,57456,57455,HD150542S015907B02,16,96,STAR,M6,-0.0000112200,225.1092900000,-0.6575730000,,,,
235,172.570672,-0.973027,0.00509080185298366964,46504109,2012-03-12,55999,55998,F5599904,4,109,Unknown,Non,-9999.0000000000,172.5706710000,-0.9730280000,,,,
92,202.027358,0.069326,0.000804984069208443138,212815213,2014-01-27,56685,56684,HD132914S012151B01,15,213,GALAXY,Non,0.0830295000,202.0273582000,0.0693261000,,,,
827,155.751161,-0.059962,0.000509116735618875597,319612101,2015-02-16,57070,57069,HD101607S013552M01,12,101,Unknown,Non,-9999.0000000000,155.7511609000,-0.0599619000,,,,
583,56.315898,0.883090,0.00209895939259532394,278307206,2014-12-11,57003,57002,EG033855N024548B01,7,206,STAR,K5,0.0000172700,56.3158985000,0.8830897000,,,,
1142,197.633274,0.036609,0.0656829762137491058,144108065,2013-04-12,56395,56394,HD130444N001742F01,8,65,GALAXY,Non,0.1788270000,197.6332600000,0.0365973000,,,,
273,184.141318,1.125803,0.0551914702365983792,200613005,2013-12-29,56656,56655,HD120800N003716M01,13,5,QSO,Non,-9999.0000000000,184.1413200000,1.1258182000,,,,
473,142.969752,-0.755268,0.0142405467849538291,81313237,2012-11-22,56254,56253,HD092603S011405M01,13,237,Unknown,Non,-9999.0000000000,142.9697483000,-0.7552666000,,,,
792,197.640256,0.251344,0,144208096,2013-04-12,56395,56394,HD130444N001742M01,8,96,Unknown,Non,-9999.0000000000,197.6402560000,0.2513440000,,,,
1402,122.547006,48.464896,0.0812397929492099519,401611077,2016-01-06,57394,57393,HD081205N465629M01,11,77,STAR,A6IV,-0.0001363100,122.5470300000,48.4649120000,,,,
20,149.613470,0.382479,0.000804980871484154868,290609174,2015-01-02,57025,57024,HD095639S002741B01,9,174,GALAXY,Non,0.0567826000,149.6134699000,0.3824788000,,,,
1087,200.451227,-0.496220,0.000804978417543302156,436714134,2016-03-08,57456,57455,HD132914S012151M01,14,134,GALAXY,Non,0.1762890000,200.4512269000,-0.4962202000,,,,
787,149.121646,0.708910,0.00101819478459984954,141115144,2013-04-06,56389,56388,HD095639S002741F01,15,144,GALAXY,Non,0.0959308000,149.1216458000,0.7089098000,,,,
779,182.448079,-1.784311,0.148096589977300852,200601186,2013-12-29,56656,56655,HD120800N003716M01,1,186,QSO,Non,1.5675300000,182.4481200000,-1.7843074000,,,,
848,55.203333,0.954119,0.00129787385915115729,278301101,2014-12-11,57003,57002,EG033855N024548B01,1,101,STAR,K5,0.0000888400,55.2033327000,0.9541188000,,,,
535,148.944849,1.125628,0.000509067768206105916,141111076,2013-04-06,56389,56388,HD095639S002741F01,11,76,GALAXY,Non,0.0464382000,148.9448489000,1.1256281000,,,,
